Workbook

Sheet Overview
A1: SQLPath — Project Tracker
A2: Cohort-based SQL practice platform · NestJS + Next.js monorepo · last synced against codebase 2026-08-22
A4: How to use this workbook
A5: • Tasks — general backlog for backend/frontend work. Update Status and % Complete as you go.
A6: • Known Issues & Gaps — the specific gaps called out in project docs (migrations, tests, seed data) plus bugs you find.
A7: • Question Bank — tracks progress toward the ~350 planned SQL questions by phase/platform/difficulty.
A8: • Deployment Checklist — readiness items for shipping the Railway monolith deploy.
A9: • Cells shaded yellow are meant to be edited. Dropdowns are provided for Status/Priority columns.
A11: Snapshot
A12: Metric | B12: Value
A13: Total tasks | B13: =COUNTA(Tasks!A5:A500) -> 11
A14: Tasks done | B14: =COUNTIF(Tasks!E5:E500,"Done") -> 6
A15: Tasks in progress | B15: =COUNTIF(Tasks!E5:E500,"In Progress") -> 2
A16: Tasks blocked | B16: =COUNTIF(Tasks!E5:E500,"Blocked") -> 0
A17: Open known issues | B17: =COUNTIF('Known Issues & Gaps'!F5:F500,"Open") -> 6
A18: Questions seeded | B18: =SUM('Question Bank'!D5:D12) -> 31
A19: Questions planned | B19: =SUM('Question Bank'!C5:C12) -> 350
A20: Question bank completion | B20: =IFERROR(SUM('Question Bank'!D5:D12)/SUM('Question Bank'!C5:C12),0) -> 0.088571429
A21: Deployment items done | B21: =COUNTIF('Deployment Checklist'!D5:D60,"Done") -> 0
A22: Deployment items total | B22: =COUNTA('Deployment Checklist'!A5:A60) -> 14

Sheet Tasks
A1: Task / Feature Tracker
A2: Backend + frontend backlog
A4: ID | B4: Area | C4: Task | D4: Description | E4: Status | F4: Priority | G4: Owner | H4: Notes
A5: 1 | B5: Backend | C5: Write initial SQL migrations | D5: Create migration files for users, questions, solves, cohorts, score_ledger, daily_activity, trust_events, anti_gaming_flags, verification_queue tables | E5: Not Started | F5: High | H5: synchronize is off; schema must exist before app/seed run. Still no migrations/ folder as of latest review.
A6: 2 | B6: Backend | C6: Expand question bank seed data | D6: Grow seed/seed.ts toward the ~350 planned questions | E6: In Progress | F6: Medium | H6: 31/350 seeded (up from ~30), covering phases 1-6 only; phases 7-8 (CTEs & Recursion, Production Case Studies) have none yet
A7: 3 | B7: Backend | C7: Add automated test suite | D7: No tests exist yet; start with auth, solves scoring, and verification tier routing | E7: Not Started | F7: Medium | H7: still no test/ directory in backend
A8: 4 | B8: Frontend | C8: Add shared API response types | D8: api.ts responses are largely `any`; define shared types with backend DTOs | E8: In Progress | F8: Low | H8: auth/profiles calls now have partial typed shapes, but most responses (questions, solves, mentor) are still `any`
A9: 5 | B9: DevOps | C9: Verify Railway monolith deploy | D9: Confirm Dockerfile + docker-entrypoint.js behave correctly end-to-end on Railway | E9: Not Started | F9: High | H9: see DEPLOY-MONOLITH.md; no changes detected to Dockerfile/entrypoint since last review
A10: 6 | B10: Backend | C10: Add boot-time env var validation | D10: Fail fast with a clear error if DATABASE_URL/JWT_SECRET are missing or JWT_SECRET is too short | E10: Done | F10: Medium | H10: src/config/env.validation.ts added
A11: 7 | B11: Backend | C11: Build multi-platform profile stats | D11: New profiles module: link Codeforces/GeeksforGeeks/HackerRank usernames and fetch stats per platform, alongside existing LeetCode verification | E11: Done | F11: Medium | H11: profiles.controller.ts / profiles.service.ts + frontend api.ts wiring
A12: 8 | B12: Frontend | C12: Build Activity page | D12: Student-facing feed combining solves, verifications, and per-platform stats | E12: Done | F12: Medium | H12: src/app/activity/page.tsx
A13: 9 | B13: Frontend | C13: Build Progress page | D13: Phase-by-phase roadmap detail view (1. Basics & Filtering → 8. Production Case Studies) | E13: Done | F13: Medium | H13: src/app/progress/page.tsx
A14: 10 | B14: Frontend | C14: UI/UX overhaul | D14: Design-token based theming, framer-motion animations, Confetti/CountUp/Loader/Skeleton components, new StudentLayout shell, toast notifications | E14: Done | F14: Medium | H14: package.json now includes framer-motion; several new components under src/components
A15: 11 | B15: Backend | C15: Simplify role model | D15: Collapsed mentor/admin distinction to a single ADMIN role (Role enum now STUDENT | ADMIN only) | E15: Done | F15: Low | H15: PROJECT.md docs still describe a separate 'mentor' role — docs are stale, recommend updating

Sheet Known Issues & Gaps
A1: Known Issues & Gaps
A2: Seeded from current project docs — add bugs as you find them
A4: ID | B4: Type | C4: Area | D4: Description | E4: Impact | F4: Status | G4: Date Logged | H4: Notes
A5: 1 | B5: Gap | C5: Backend/DB | D5: No SQL migration files present | E5: Schema must be manually applied to Postgres before app or seed script will run | F5: Open | H5: TypeORM synchronize is intentionally off; still true as of latest review
A6: 2 | B6: Gap | C6: Backend | D6: Question bank incomplete | E6: 31 of ~350 planned questions seeded; phases 7-8 have zero questions | F6: Open | H6: seed/seed.ts covers phases 1-6 only (10/5/5/5/3/3)
A7: 3 | B7: Gap | C7: Backend | D7: No automated test suite | E7: No safety net for regressions in scoring/verification/anti-gaming logic | F7: Open
A8: 4 | B8: Gap | C8: Frontend | D8: No shared type contract with backend | E8: Most API response types are still `any` in api.ts | F8: Open | H8: Improved slightly — profiles/auth endpoints now have partial typed shapes
A9: 5 | B9: Tech Debt | C9: Docs | D9: PROJECT.md files are out of date vs. code | E9: Backend/frontend PROJECT.md still describe a 3-role model (student/mentor/admin) and the older phase names/question counts; code has since simplified to student/admin and added profiles, activity, and progress features | F9: Open | H9: Recommend refreshing PROJECT.md alongside future feature work
A10: 6 | B10: Gap | C10: Backend | D10: GeeksforGeeks has no seeded questions | E10: Platform enum includes GEEKSFORGEEKS for the question bank, but seed.ts currently seeds 0 questions on it (only used today for profile-stats linking) | F10: Open

Sheet Question Bank
A1: Question Bank Progress
A2: Target: ~350 questions across 8 phases (Basics & Filtering → Production Case Studies)
A4: Phase | B4: Platform(s) | C4: Planned Qs | D4: Seeded Qs | E4: % Complete | F4: Notes
A5: 1. Basics & Filtering | B5: LeetCode, HackerRank, SQLZoo | C5: 40 | D5: 10 | E5: =IFERROR(D5/C5,0) -> 0.25 | F5: SELECT, WHERE, LIKE, IN/BETWEEN, ORDER BY, LIMIT
A6: 2. String, Date & CASE | B6: LeetCode, HackerRank | C6: 40 | D6: 5 | E6: =IFERROR(D6/C6,0) -> 0.125 | F6: CONCAT, SUBSTRING, DATE_ADD, CASE WHEN, COALESCE
A7: 3. Aggregation & Grouping | B7: LeetCode, DataLemur | C7: 45 | D7: 5 | E7: =IFERROR(D7/C7,0) -> 0.11111111 | F7: COUNT, SUM/AVG, GROUP BY, HAVING, DISTINCT
A8: 4. Joins & Relational Data | B8: LeetCode, StrataScratch | C8: 50 | D8: 5 | E8: =IFERROR(D8/C8,0) -> 0.1 | F8: INNER/LEFT/RIGHT/SELF/CROSS JOIN
A9: 5. Subqueries & Set Operations | B9: LeetCode, HackerRank | C9: 45 | D9: 3 | E9: =IFERROR(D9/C9,0) -> 0.066666667 | F9: Subqueries, EXISTS, UNION/UNION ALL
A10: 6. Window Functions | B10: LeetCode, StrataScratch | C10: 40 | D10: 3 | E10: =IFERROR(D10/C10,0) -> 0.075 | F10: ROW_NUMBER, RANK, LEAD/LAG, OVER (PARTITION BY)
A11: 7. CTEs & Recursion | B11: DataLemur, GeeksforGeeks | C11: 45 | D11: 0 | E11: =IFERROR(D11/C11,0) -> 0 | F11: Not yet seeded — WITH clauses, recursive CTEs, hierarchies
A12: 8. Production Case Studies | B12: StrataScratch, DataLemur | C12: 45 | D12: 0 | E12: =IFERROR(D12/C12,0) -> 0 | F12: Not yet seeded — retention/funnel/revenue analysis, optimization
A13: Total | C13: =SUM(C5:C12) -> 350 | D13: =SUM(D5:D12) -> 31 | E13: =IFERROR(D13/C13,0) -> 0.088571429

Sheet Deployment Checklist
A1: Deployment Checklist
A2: Railway monolith deploy — see DEPLOY-MONOLITH.md
A4: Item | B4: Category | C4: Details | D4: Status | E4: Notes
A5: DATABASE_URL set | B5: Env Vars | C5: Postgres/Supabase connection string | D5: Not Started
A6: JWT_SECRET / JWT_EXPIRES_IN set | B6: Env Vars | D6: Not Started
A7: SUPABASE_URL / SUPABASE_SERVICE_KEY set | B7: Env Vars | D7: Not Started
A8: SCREENSHOT_BUCKET configured | B8: Env Vars | C8: Supabase Storage bucket for solve screenshots | D8: Not Started
A9: FRONTEND_URL set for CORS | B9: Env Vars | D9: Not Started
A10: BACKEND_INTERNAL_URL / BACKEND_INTERNAL_PORT set | B10: Env Vars | C10: Used by docker-entrypoint.js and next.config.ts rewrite | D10: Not Started
A11: SQL schema applied to target DB | B11: Database | C11: synchronize is off — migrations must run first | D11: Not Started
A12: Seed script run (if demo data desired) | B12: Database | C12: npm run seed | D12: Not Started
A13: Docker image builds locally | B13: Build | C13: npm run docker:build | D13: Not Started
A14: Docker image runs locally | B14: Build | C14: npm run docker:run | D14: Not Started
A15: railway.json (root) used, not per-app ones | B15: Deploy Config | C15: Don't mix root and per-service railway.json files | D15: Not Started
A16: Health check / restart-on-crash verified | B16: Deploy Config | C16: Entrypoint exits if either process dies | D16: Not Started
A17: Production smoke test: login + submit a solve | B17: Verification | D17: Not Started
A18: Production smoke test: mentor/admin queue + risk dashboard | B18: Verification | D18: Not Started | E18: Role model simplified to STUDENT/ADMIN — 'mentor' is now just the admin-facing UI
